A,B,C,target,f_0_am,f_0_gm,f_0_hm,f_1_am,f_1_gm,f_1_hm,f_2_am,f_2_gm,f_2_hm,f_0_1_lehmer4,f_0_1_lehmer3,f_0_1_pm6,f_0_2_lehmer4,f_0_2_lehmer3,f_0_2_pm6,f_1_2_lehmer4,f_1_2_lehmer3,f_1_2_pm6
0.4967141530112327,1.4153707420504142,0.3577873603482833,0.34435125558755075,0.4967141530112327,0.4967141530112327,0.4967141530112326,1.4153707420504142,1.4153707420504142,1.4153707420504142,0.3577873603482833,0.35778736034828323,0.3577873603482833,1.377309299022066,1.3146349319994335,1.2613442880158034,0.45891859969058124,0.44925612182091196,0.45227044718194176,1.3985587305735572,1.3518489346233942,1.2610068111143193
0.13826430117118466,0.42064532276535904,0.5607845263682344,0.2935063097500126,0.13826430117118466,0.13826430117118466,0.13826430117118466,0.42064532276535904,0.42064532276535904,0.42064532276535904,0.5607845263682344,0.5607845263682344,0.5607845263682344,0.4109611588984337,0.3931114228058962,0.3748311068117841,0.5545453287492281,0.5365716490954676,0.499620918928365,0.5191928881199245,0.5103256727430096,0.5134397259507489
0.6476885381006925,0.3427145165267695,1.083051243175277,0.9400992511503109,0.6476885381006925,0.6476885381006925,0.6476885381006925,0.3427145165267695,0.34271451652676943,0.3427145165267695,1.083051243175277,1.083051243175277,1.083051243175277,0.6083368431454289,0.5809785255128412,0.579116610738203,1.0063450631297963,0.9683669121380637,0.9721083589801205,1.0603142640541527,1.015667982205099,0.9650503426483077
1.5230298564080254,0.8022772692216189,1.053802052034903,1.3494529807648106,1.5230298564080254,1.5230298564080254,1.5230298564080254,0.8022772692216189,0.8022772692216189,0.8022772692216189,1.053802052034903,1.053802052034903,1.053802052034903,1.431114798643316,1.3664758657235794,1.3616543895123767,1.4062744536414342,1.3711176511753331,1.3806150889701916,0.9767943353826902,0.9615101431153202,0.967084844634469
0.23415337472333597,0.16128571166600914,1.377669367957091,0.8038212119437987,0.23415337472333597,0.23415337472333594,0.23415337472333594,0.16128571166600914,0.16128571166600914,0.16128571166600914,1.377669367957091,1.377669367957091,1.377669367957091,0.21620543005476417,0.21070592685311715,0.2121649500441874,1.3720823327592724,1.345563444503199,1.2273688051071872,1.3757207488055148,1.36122336115512,1.2273644005901112
0.23413695694918055,0.4040508568145384,0.9378250399151228,0.5977137367630299,0.23413695694918055,0.23413695694918055,0.23413695694918052,0.4040508568145384,0.4040508568145384,0.4040508568145384,0.9378250399151228,0.9378250399151228,0.9378250399151227,0.3763741194523595,0.36133800531747234,0.3622048837172512,0.9270425636318171,0.8965376822019585,0.8355408425151809,0.8982986321447856,0.8542570622379779,0.8363953648068008
1.5792128155073915,1.8861859012105302,0.5150352672086598,1.174890530936868,1.5792128155073915,1.5792128155073915,1.5792128155073917,1.8861859012105302,1.8861859012105302,1.8861859012105302,0.5150352672086598,0.5150352672086598,0.5150352672086598,1.7726540776833961,1.7596800361571094,1.7653767348057032,1.5435354085531732,1.4769049861627739,1.4072006917381956,1.8588275719230134,1.791046697288986,1.6805166666044096
0.7674347291529088,0.17457781283183896,0.5137859509122088,0.5814532011489758,0.7674347291529088,0.7674347291529088,0.7674347291529088,0.17457781283183896,0.17457781283183896,0.17457781283183896,0.5137859509122088,0.5137859509122088,0.5137859509122088,0.760536936750554,0.7382649383304857,0.6837224063469011,0.7088899160795636,0.6889323567636022,0.6936019649565565,0.5009810867159176,0.4786761988703722,0.4578485785401893
0.4694743859349521,0.25755039072276437,0.5150476863060479,0.5469707742375037,0.4694743859349521,0.4694743859349521,0.46947438593495205,0.25755039072276437,0.25755039072276437,0.25755039072276437,0.5150476863060479,0.5150476863060479,0.5150476863060479,0.4394435573351372,0.4204492623569016,0.42013306280653046,0.49540743687333,0.494366103099708,0.4948688756158636,0.48642901000946215,0.46353973275528343,0.4600432829884243
0.5425600435859647,0.07444591576616721,3.852731490654721,2.1774265018769534,0.5425600435859647,0.5425600435859647,0.5425600435859647,0.07444591576616721,0.07444591576616721,0.07444591576616721,3.852731490654721,3.8527314906547208,3.8527314906547208,0.5413538681528653,0.5339096205086843,0.48336658497317486,3.8435126463054727,3.7883619891960763,3.4323980082526293,3.8527042317721576,3.8513213029495614,3.432393546392986
0.46341769281246226,1.9187712152990415,0.570890510693167,0.4953859814300926,0.46341769281246226,0.46341769281246226,0.4634176928124622,1.9187712152990415,1.9187712152990415,1.9187712152990415,0.570890510693167,0.570890510693167,0.570890510693167,1.8985530789576874,1.8385580141665754,1.7094873567730524,0.5334378632246276,0.5282020955074523,0.5303879474558556,1.8841812776175328,1.8091554928749274,1.7096284004722788
0.46572975357025687,0.026513875449216878,1.135565640180599,0.9105253820741469,0.46572975357025687,0.46572975357025687,0.4657297535702569,0.026513875449216878,0.026513875449216878,0.026513875449216878,1.135565640180599,1.135565640180599,1.135565640180599,0.46564872921363654,0.4643108554387548,0.4149180428097746,1.0923380185326228,1.0391178741390505,1.0124748398705505,1.1355515236103046,1.134961361795278,1.0116739732284277
0.24196227156603412,0.06023020994102644,0.9540017634932023,0.6805236524284212,0.24196227156603412,0.2419622715660341,0.24196227156603414,0.06023020994102644,0.060230209941026444,0.06023020994102644,0.9540017634932023,0.9540017634932023,0.9540017634932023,0.23920179380155004,0.2313586173620229,0.21557242395326237,0.9425711105538463,0.9109663745481077,0.8499566505957511,0.9537769031597634,0.950453390235732,0.8499189571702336
1.913280244657798,2.463242112485286,0.651391251305798,1.3636867115818618,1.913280244657798,1.913280244657798,1.9132802446577977,2.463242112485286,2.463242112485286,2.463242112485286,0.651391251305798,0.651391251305798,0.651391251305798,2.2877572624376237,2.256296068702645,2.2683230272207804,1.865372897462868,1.7822057921155818,1.704981051542077,2.4303441566925437,2.3448190403650018,2.1946243041705262
1.7249178325130328,0.19236096478112252,0.3152692446403456,1.1506414192921222,1.7249178325130328,1.7249178325130328,1.7249178325130328,0.19236096478112252,0.19236096478112252,0.1923609647811225,0.3152692446403456,0.3152692446403456,0.3152692446403456,1.722795270947309,1.7060923599185331,1.5367275785308547,1.716363092631948,1.679349177692109,1.5367366340042923,0.29251875469270794,0.2819259259870757,0.28323791921694946
0.5622875292409727,0.30154734233361247,0.7589692204932674,0.662728759030396,0.5622875292409727,0.5622875292409727,0.5622875292409727,0.30154734233361247,0.30154734233361247,0.30154734233361247,0.7589692204932674,0.7589692204932674,0.7589692204932674,0.5274454715711518,0.504047719899076,0.5029080096609164,0.7021119606631434,0.6892716135128473,0.6936311641553762,0.7319736311533114,0.6966065292804796,0.676607272226244
1.0128311203344238,0.03471176970524331,0.7728252145375718,0.9610234645654941,1.0128311203344238,1.0128311203344238,1.0128311203344238,0.03471176970524331,0.03471176970524331,0.03471176970524331,0.7728252145375718,0.7728252145375718,0.7728252145375718,1.0127917477860724,1.0116835971259526,0.9023299470422802,0.9390048957228704,0.9245143770728442,0.9298288197624557,0.772758338553815,0.7713391461335187,0.6885089939202297
0.3142473325952739,1.168678037619532,0.23681860674000887,0.2445062940082958,0.3142473325952739,0.31424733259527393,0.3142473325952739,1.168678037619532,1.168678037619532,1.168678037619532,0.23681860674000887,0.23681860674000887,0.23681860674000887,1.152383400901753,1.1110660372353336,1.041239344497267,0.2910408190595792,0.286201638511195,0.2879219283730741,1.160988247001327,1.1319231060650845,1.041185779563332
0.9080240755212109,1.1428228145150205,0.48536354782910346,0.7291104469240014,0.9080240755212109,0.9080240755212109,0.908024075521211,1.1428228145150205,1.1428228145150205,1.1428228145150205,0.48536354782910346,0.48536354782910346,0.48536354782910346,1.0643900357390086,1.0519574425521547,1.0569428358955177,0.8520256962849958,0.8140982303619608,0.8120721514261917,1.0960410413714274,1.0423553753684356,1.0191327848894123
1.4123037013352915,0.7519330326867741,0.08187413938632256,0.7340746149240385,1.4123037013352915,1.4123037013352915,1.4123037013352915,0.7519330326867741,0.7519330326867741,0.7519330326867742,0.08187413938632256,0.08187413938632257,0.08187413938632256,1.3257082662888386,1.2664540872304144,1.2629513657339053,1.4120445441628429,1.4078474253886044,1.2582195651045414,0.7510691486570333,0.7440819515084609,0.6698963610116381
1.465648768921554,0.7910319470430469,2.3146585666735087,1.8998532642968031,1.465648768921554,1.465648768921554,1.465648768921554,0.7910319470430469,0.7910319470430469,0.791031947043047,2.3146585666735087,2.3146585666735087,2.3146585666735087,1.3739980910400793,1.313467566511123,1.3110689154044968,2.1427547371961286,2.071674816452091,2.083706284716628,2.2561792165661703,2.1553202163143035,2.0626735151469893
0.22577630048653566,0.9093874547947389,1.867265192591748,1.1060364490828334,0.22577630048653566,0.22577630048653563,0.22577630048653566,0.9093874547947389,0.9093874547947389,0.9093874547947389,1.867265192591748,1.867265192591748,1.867265192591748,0.8990835585366757,0.869696561099295,0.8102037376359171,1.8643685963611736,1.843612571769634,1.6635450329044341,1.7680759620036146,1.6836275967188385,1.667223246101166
0.06752820468792384,1.4027943109360992,0.6862601903745135,0.2950721292078714,0.06752820468792384,0.06752820468792384,0.06752820468792384,1.4027943109360992,1.4027943109360992,1.4027943109360992,0.6862601903745135,0.6862601903745135,0.6862601903745135,1.4026453772270997,1.399707251337543,1.2497476560194318,0.6856712407182155,0.6803266967172529,0.6113884164159055,1.327694844592739,1.2644246150752103,1.2525867032465252
1.4247481862134568,1.4018510627922809,1.6127158711896517,1.7279707562701003,1.4247481862134568,1.4247481862134568,1.4247481862134568,1.4018510627922809,1.4018510627922809,1.4018510627922809,1.6127158711896517,1.6127158711896517,1.6127158711896517,1.4135777961634446,1.413485092556217,1.41353139495417,1.536003906250058,1.5303196762102373,1.532988947143143,1.5291235276723967,1.5219613540349786,1.525265885056847
0.5443827245251827,0.5868570938002703,0.47193186578943347,0.4075555570073379,0.5443827245251827,0.5443827245251827,0.5443827245251827,0.5868570938002703,0.5868570938002703,0.5868570938002703,0.47193186578943347,0.47193186578943347,0.47193186578943347,0.5680031153138703,0.567212438255026,0.5675987980478006,0.5158011778029387,0.5132960445544718,0.5144482483093454,0.5475383355998421,0.5417236678706102,0.5441100740356603
0.11092258970986608,2.1904556258099785,1.088950596967366,0.4785177320598428,0.11092258970986608,0.1109225897098661,0.11092258970986607,2.1904556258099785,2.1904556258099785,2.1904556258099785,1.088950596967366,1.088950596967366,1.088950596967366,2.1901856243856574,2.185136691042399,1.9514741146617498,1.0879180067743288,1.0789069374591096,0.9701448715722913,2.0699295930221893,1.9721736680758997,1.9563531979824498
1.1509935774223028,0.9905363251306883,0.06428001909546277,0.7234478856088896,1.1509935774223028,1.1509935774223028,1.1509935774223028,0.9905363251306883,0.9905363251306883,0.9905363251306883,0.06428001909546277,0.06428001909546278,0.06428001909546277,1.088533187584234,1.082720327824327,1.085370272078185,1.1508043218238835,1.1476147278958226,1.0254187078985293,0.9902832617656038,0.986651984787435,0.882467553314891
0.37569801834567196,0.5662977296027719,1.0777447779293061,0.8058876675337826,0.37569801834567196,0.37569801834567196,0.37569801834567196,0.5662977296027719,0.5662977296027719,0.5662977296027719,1.0777447779293061,1.0777447779293061,1.0777447779293061,0.5232210607216797,0.5080463105694061,0.5114411935874128,1.0492137968467923,1.0016762229409797,0.9604483912438018,1.0129478866144654,0.9670886117603045,0.9635002367019968
0.600638689918805,0.09965136508764122,0.7153037092599682,0.7203831812946022,0.600638689918805,0.600638689918805,0.600638689918805,0.09965136508764122,0.09965136508764122,0.09965136508764122,0.7153037092599682,0.7153037092599682,0.7153037092599682,0.598361193132502,0.587218029068976,0.535110098885723,0.6726615712525201,0.6678872805971823,0.6699926311032117,0.7136435827218226,0.7035824854232615,0.6372639341275322
0.2916937497932768,0.5034756541161992,0.6795977489346758,0.5484803002904043,0.2916937497932768,0.2916937497932768,0.2916937497932768,0.5034756541161992,0.5034756541161992,0.5034756541161992,0.6795977489346758,0.6795977489346758,0.6795977489346758,0.4689961799347577,0.4502537016654688,0.4513294104882248,0.6511728322797251,0.6192529099826352,0.6060820544690003,0.6286858476187246,0.6171872327005333,0.6210910433889345
0.6017066122293969,1.5506634310661327,0.7303666317171367,0.6648119446885753,0.6017066122293969,0.6017066122293969,0.6017066122293969,1.5506634310661327,1.5506634310661327,1.5506634310661327,0.7303666317171367,0.7303666317171367,0.7303666317171367,1.498280727089197,1.4264786424373987,1.3822689031524646,0.6842257245020652,0.678348559600503,0.6808648838997592,1.4730602010055494,1.4017265750269845,1.3839865271607341
1.8522781845089378,0.06856297480602733,0.21645858958197486,0.9446429498968731,1.8522781845089378,1.8522781845089378,1.8522781845089378,0.06856297480602733,0.06856297480602734,0.06856297480602733,0.21645858958197486,0.21645858958197486,0.21645858958197484,1.852187725086157,1.849837578044275,1.6501922609257582,1.8496717386670178,1.8302396936893033,1.6501929606963435,0.21190333172371265,0.20297324324286387,0.19287512576756413
0.013497224737933921,1.0623037137261049,0.045571839903813784,0.03711498814024648,0.013497224737933921,0.013497224737933926,0.013497224737933921,1.0623037137261049,1.0623037137261049,1.0623037137261049,0.045571839903813784,0.04557183990381379,0.045571839903813784,1.0623015625210315,1.0621344293719337,0.9464050168349724,0.044759633907186555,0.04298517364616769,0.04060445978650547,1.062223450660586,1.0604360286244394,0.9464050178174434
1.0577109289559004,0.4735924306351816,0.6516003476058171,0.7869394671296476,1.0577109289559004,1.0577109289559004,1.0577109289559004,0.4735924306351816,0.4735924306351816,0.4735924306351815,0.6516003476058171,0.6516003476058171,0.6516003476058171,1.0095958866435255,0.960162381657077,0.9435746073221942,0.98075487655856,0.9459868981607321,0.9507088692344408,0.6022158708398329,0.5900700165880407,0.5939679895142775
0.822544912103189,0.9194242342338032,2.1439440893253257,1.5807564740560325,0.822544912103189,0.822544912103189,0.822544912103189,0.9194242342338032,0.9194242342338032,0.9194242342338032,2.1439440893253257,2.1439440893253257,2.1439440893253257,0.8790004172718375,0.8763558869075624,0.8776129233946682,2.0733100161774223,1.9743974406344722,1.9110509317152964,2.0544272978342697,1.953725839577046,1.9120121118268634
1.2208436499710222,1.5499344050175394,0.6339190223180112,0.9126755979943029,1.2208436499710222,1.2208436499710222,1.2208436499710222,1.5499344050175394,1.5499344050175394,1.5499344050175397,0.6339190223180112,0.6339190223180112,0.6339190223180112,1.4419031580607304,1.4239320650964489,1.4310121857597244,1.1487661811772054,1.096203766925233,1.091172243227934,1.4912769060416389,1.4186633136944091,1.3819097214218359
0.2088635950047554,0.7832532923362371,2.025142586657607,1.0344533711519301,0.2088635950047554,0.2088635950047554,0.2088635950047554,0.7832532923362371,0.7832532923362371,0.7832532923362371,2.025142586657607,2.025142586657607,2.025142586657607,0.7725644600993533,0.7451208829342929,0.6978411638529832,2.0231522441852148,2.0060263806663743,1.8041972963936266,1.9572227450924475,1.8635451887202605,1.805202030510517
1.9596701238797756,0.3220615162056756,0.18645431476942764,1.0409236351593023,1.9596701238797756,1.9596701238797756,1.9596701238797753,0.3220615162056756,0.3220615162056756,0.3220615162056756,0.18645431476942764,0.18645431476942764,0.18645431476942764,1.9524331966169832,1.9166028381792792,1.7458733344706896,1.9581441184303838,1.9437617176989082,1.7458678172146125,0.3000239748601252,0.28801968785109877,0.2886971770488045
1.3281860488984305,0.8135172173696698,0.661786464768388,1.0362794022609716,1.3281860488984305,1.3281860488984305,1.3281860488984305,0.8135172173696698,0.8135172173696698,0.8135172173696698,0.661786464768388,0.661786464768388,0.661786464768388,1.2320199853953424,1.1877784734181593,1.1934704495440112,1.2548258596599693,1.195646535374146,1.186277980634989,0.7604195046638184,0.753093578337996,0.7561636446238924
0.19686123586912352,1.2308643164339552,0.852433334796224,0.4682748300522763,0.19686123586912352,0.19686123586912352,0.19686123586912352,1.2308643164339552,1.2308643164339552,1.2308643164339552,0.852433334796224,0.852433334796224,0.852433334796224,1.2266512456881866,1.205074256376652,1.0965785007503102,0.8444570004995092,0.8192397500525019,0.7594509656027233,1.1365060012679413,1.1081950014887847,1.11587100002268
0.7384665799954104,0.22745993460412942,0.7925207384327007,0.6832716196574125,0.7384665799954104,0.7384665799954104,0.7384665799954104,0.22745993460412942,0.22745993460412942,0.22745993460412942,0.7925207384327007,0.7925207384327007,0.7925207384327007,0.7239575181496306,0.6941862902169927,0.6579925342463379,0.768346892011968,0.7673997588038765,0.7678638056182843,0.7794701545731778,0.7495169711821218,0.706121468521837
0.1713682811899705,1.307142754282428,0.11473644146689901,0.16742108247762597,0.1713682811899705,0.1713682811899705,0.1713682811899705,1.307142754282428,1.307142754282428,1.307142754282428,0.11473644146689901,0.11473644146689901,0.11473644146689901,1.3045892483910635,1.2879513879796338,1.164532789687334,0.1582949605684776,0.15383947550452348,0.15488230336569261,1.3063368829173074,1.2980258438624974,1.1645318929874529
0.11564828238824053,1.6074832345612275,0.5049872789804571,0.33481443779522113,0.11564828238824053,0.11564828238824053,0.11564828238824053,1.6074832345612275,1.6074832345612275,1.6074832345612278,0.5049872789804571,0.5049872789804571,0.5049872789804571,1.606927922260952,1.5998014135725405,1.4321047861990202,0.5003664600184071,0.4855853314468956,0.449903335950066,1.5743305205822191,1.508452438488291,1.4323340792567636
0.3011036955892888,0.1846338585323042,0.8657551941701215,0.5327351273425922,0.3011036955892888,0.3011036955892888,0.3011036955892888,0.1846338585323042,0.1846338585323042,0.1846338585323042,0.8657551941701215,0.8657551941701215,0.8657551941701214,0.2792816171050472,0.26927749300099485,0.27057855078546367,0.8429598098619145,0.8048250353867747,0.7715275338532082,0.8592121316626828,0.8361245759930596,0.7713122862261188
1.4785219903674274,0.25988279424842353,1.2002964070557762,1.2923053681497694,1.4785219903674274,1.4785219903674274,1.4785219903674274,0.25988279424842353,0.25988279424842353,0.25988279424842353,1.2002964070557762,1.2002964070557762,1.2002964070557762,1.471939772479966,1.441999544835109,1.3172198203374499,1.3815467317116208,1.367997682904401,1.3736551478535617,1.1908470971367853,1.1581849299261455,1.0693608907895757
0.7198442083947086,0.7818228717773104,0.3345012358409484,0.5503777158535922,0.7198442083947086,0.7198442083947086,0.7198442083947086,0.7818228717773104,0.7818228717773104,0.7818228717773104,0.3345012358409484,0.3345012358409484,0.3345012358409484,0.7546532885142345,0.7533872500405407,0.7540029278334088,0.6847045241216956,0.6514126662349592,0.6423799407371171,0.7493335500154342,0.7126088434712822,0.6972352493689671
0.4606387709597875,1.236950710878082,0.4749453111609562,0.32298360691063943,0.4606387709597875,0.4606387709597875,0.4606387709597875,1.236950710878082,1.236950710878082,1.236950710878082,0.4749453111609562,0.4749453111609562,0.47494531116095623,1.1988273145828547,1.1424031183692118,1.1024871260548976,0.46811999056143266,0.46801075923612084,0.46806516767215284,1.1961264803003033,1.1390434927356552,1.1025855594787997
1.0571222262189157,1.3204566130842763,0.6533292325737119,0.7144793519586583,1.0571222262189157,1.0571222262189157,1.0571222262189157,1.3204566130842763,1.3204566130842763,1.3204566130842763,0.6533292325737119,0.6533292325737119,0.6533292325737119,1.2311584050876125,1.2176021926931646,1.2231188951224292,0.9800069853633444,0.9455186231333462,0.9503390945223628,1.2483824405391482,1.1892595204069951,1.1792520750791835
0.3436182895684614,0.5219415656168976,1.7654542402810969,0.9826918427995356,0.3436182895684614,0.34361828956846147,0.3436182895684614,0.5219415656168976,0.5219415656168976,0.5219415656168976,1.7654542402810969,1.7654542402810969,1.765454240281097,0.4823545226959317,0.4680223703226036,0.4711030229399468,1.7550474095089774,1.7135574045513309,1.5728551705102947,1.7341309952096258,1.6655025448859226,1.5730159063923472
1.763040155362734,0.29698467323318606,0.40498171096095553,1.06266621799066,1.763040155362734,1.763040155362734,1.763040155362734,0.29698467323318606,0.296984673233186,0.29698467323318606,0.40498171096095553,0.40498171096095553,0.40498171096095553,1.7560659459782288,1.7225879366583536,1.5706961953372256,1.7467769603195664,1.6949736564996722,1.570728669365674,0.37443728613347826,0.3672142774712479,0.369595589147384
0.324083969394795,0.25049285034587654,1.2608839543350452,0.8235747184247205,0.324083969394795,0.324083969394795,0.324083969394795,0.25049285034587654,0.25049285034587654,0.25049285034587654,1.2608839543350452,1.2608839543350452,1.2608839543350452,0.30083714569657566,0.2965617517029368,0.29817812149736395,1.2452423391644571,1.2028304473738052,1.1233738738856078,1.253023308568661,1.2225203855554743,1.1233314082976826
0.38508228041631654,0.3464482094969757,0.9178619470547761,0.7990077354305016,0.38508228041631654,0.38508228041631654,0.38508228041631654,0.3464482094969757,0.3464482094969757,0.3464482094969757,0.9178619470547761,0.9178619470547761,0.9178619470547762,0.36880322212996125,0.3677999378831811,0.36827922436080823,0.8812237543889931,0.8381200208186343,0.8184635588174903,0.8887020806971725,0.8466048750390788,0.8181156705061362
0.6769220003059587,0.6800247215784908,2.1221561970126332,1.4853050609794978,0.6769220003059587,0.6769220003059587,0.6769220003059587,0.6800247215784908,0.6800247215784908,0.6800247215784908,2.1221561970126332,2.1221561970126332,2.1221561970126332,0.6784840025668253,0.678480455420444,0.6784822288429572,2.076725345584276,1.9886876813657834,1.8909580014013998,2.07621660083815,1.98786447450526,1.8909672264704644
0.6116762888408679,0.23225369716100355,1.0324652605511468,0.8060769216996647,0.6116762888408679,0.6116762888408679,0.6116762888408679,0.23225369716100355,0.23225369716100355,0.23225369716100355,1.0324652605511468,1.0324652605511468,1.0324652605511468,0.591983836761055,0.5638668420894383,0.545213455191322,0.9600287560953623,0.923143851597572,0.9263343348371588,1.0234588719050721,0.993922691982511,0.9198418404866292
1.030999522495951,0.29307247329868125,1.5193699659540134,1.2732831234347133,1.030999522495951,1.030999522495951,1.030999522495951,0.29307247329868125,0.29307247329868125,0.29307247329868125,1.5193699659540134,1.5193699659540134,1.5193699659540134,1.0144303628680702,0.9758299527483456,0.9185969024292723,1.4031045971710658,1.3653949678936612,1.3747835572600302,1.5106317137027498,1.4753800182763492,1.3536163748921857
0.9312801191161986,0.7143514180263678,0.48423407286625136,0.6075041595274441,0.9312801191161986,0.9312801191161986,0.9312801191161987,0.7143514180263678,0.7143514180263678,0.7143514180263678,0.48423407286625136,0.48423407286625136,0.4842340728662514,0.8638202623447215,0.8509231001336475,0.8557133985648362,0.876180149270247,0.8361377724113784,0.8323868268494022,0.6596979214056109,0.6419025343968888,0.6463126549909073
0.8392175232226385,1.8657745111447566,1.2669111491866227,1.0512130226053915,0.8392175232226385,0.8392175232226385,0.8392175232226387,1.8657745111447566,1.8657745111447566,1.8657745111447566,1.2669111491866227,1.2669111491866227,1.2669111491866227,1.7801488222845179,1.6930336338939556,1.664502429762432,1.1705934479364022,1.1364767557123547,1.1440498882441512,1.7229850318759417,1.6767890162802994,1.6883246983905345
0.3092123758512146,0.4738329209117875,0.7076694656187807,0.47957505684298385,0.3092123758512146,0.3092123758512146,0.3092123758512146,0.4738329209117875,0.4738329209117875,0.4738329209117875,0.7076694656187807,0.7076694656187807,0.7076694656187807,0.4380331134637734,0.42466617216407737,0.4274037718536217,0.6769889082336887,0.6437914277823785,0.6311909585930593,0.6536820382141696,0.6352864019051173,0.6395931226911851
0.33126343140356396,1.1913034972026486,0.44381942814622843,0.41981328580870514,0.33126343140356396,0.33126343140356396,0.33126343140356396,1.1913034972026486,1.1913034972026486,1.1913034972026486,0.44381942814622843,0.44381942814622843,0.44381942814622843,1.173201218783396,1.129576467383012,1.0614125150832217,0.410762440494801,0.4035490162002021,0.4060489024634211,1.1545533790201603,1.1002021266562463,1.0618031690997662
0.9755451271223592,0.6565536086338297,0.7746340534293368,0.7923664959206157,0.9755451271223592,0.9755451271223592,0.9755451271223592,0.6565536086338297,0.6565536086338297,0.6565536086338297,0.7746340534293368,0.7746340534293368,0.7746340534293368,0.901021982811434,0.8761018197028261,0.8820790087912498,0.9085153708506307,0.8978531183305009,0.902123338454343,0.7299472519708059,0.7252702152214753,0.7273601667620255
0.47917423784528995,0.9746816702273214,0.926930471578083,0.7549870061358037,0.47917423784528995,0.47917423784528995,0.47917423784529,0.9746816702273214,0.9746816702273214,0.9746816702273214,0.926930471578083,0.926930471578083,0.926930471578083,0.9220579340655652,0.8782326546937216,0.8703739945371386,0.8725826053934536,0.8325075922798039,0.828407171703025,0.9526016658675505,0.9520043910258036,0.9522999803206942
0.18565897666381712,0.787084603742452,0.05952535606180008,0.2758660576630664,0.18565897666381712,0.18565897666381712,0.18565897666381712,0.787084603742452,0.787084603742452,0.787084603742452,0.05952535606180008,0.05952535606180008,0.05952535606180008,0.7792934332793878,0.7553849105259421,0.7012327941142724,0.18163452761433163,0.17390166142335764,0.1654332747445438,0.7867700301199666,0.7829469642714829,0.7012126864087834
1.1063349740060282,1.158595579007404,3.2412673400690726,2.1629251421918645,1.1063349740060282,1.1063349740060282,1.1063349740060282,1.158595579007404,1.158595579007404,1.158595579007404,3.2412673400690726,3.241267340069073,3.241267340069072,1.1342714904795579,1.1336704867620102,1.1339683973545727,3.159615919924646,3.018491992903885,2.8884014840442402,3.150301916377291,3.005309866803805,2.888643955231152
1.1962066240806708,0.8206823183517105,1.0243876413342898,1.1504683049173743,1.1962066240806708,1.1962066240806708,1.1962066240806708,0.8206823183517105,0.8206823183517105,0.8206823183517103,1.0243876413342898,1.0243876413342898,1.0243876413342898,1.1045406326201594,1.0760206545242037,1.0834642780644856,1.1299261754284964,1.1235125456046482,1.1264181986378343,0.9552122988293099,0.944754269544304,0.9490159633279299
0.812525822394198,0.9633761292443218,0.2525681513931603,0.6015613860647905,0.812525822394198,0.812525822394198,0.8125258223941981,0.9633761292443218,0.9633761292443218,0.9633761292443218,0.2525681513931603,0.2525681513931603,0.2525681513931603,0.9068094929617275,0.900672850022147,0.9033962516616125,0.7961980267429785,0.7631879438013238,0.7239870062776584,0.9507942875989485,0.9176622079872189,0.8583170005801736
1.356240028570823,0.4127809269364983,1.2477831819648495,1.2618895580792524,1.356240028570823,1.356240028570823,1.356240028570823,0.4127809269364983,0.4127809269364983,0.4127809269364983,1.2477831819648495,1.2477831819648495,1.2477831819648495,1.330369970090765,1.2762538664086567,1.2084325207215754,1.308756220121658,1.30652098052563,1.30760742808883,1.218609960216575,1.1654174986251686,1.1118911330586143
0.07201012158033385,0.82206015999449,1.6324113039316352,0.8746199609370263,0.07201012158033385,0.07201012158033386,0.07201012158033385,0.82206015999449,0.82206015999449,0.8220601599944901,1.6324113039316352,1.6324113039316352,1.6324113039316352,0.8215563482919862,0.8163486572526383,0.7323723979201263,1.632277369930095,1.629380764875687,1.4543131399365303,1.5406418457446895,1.4684797592327758,1.458239755694138
1.0035328978920242,1.8967929826539474,1.4301413779606327,1.218096378004508,1.0035328978920242,1.0035328978920242,1.0035328978920242,1.8967929826539474,1.8967929826539474,1.8967929826539471,1.4301413779606327,1.4301413779606327,1.4301413779606327,1.7815708702618398,1.7014396727488523,1.695971587318989,1.320594205525702,1.2893896492087529,1.298284734537528,1.7567853388419903,1.7276590261836064,1.73802642591044
0.36163602504763415,0.2453881160028705,0.44004448669698376,0.41060786572719216,0.36163602504763415,0.36163602504763415,0.36163602504763415,0.2453881160028705,0.2453881160028705,0.2453881160028705,0.44004448669698376,0.44004448669698376,0.4400444866969838,0.33396302554485563,0.3249865243569255,0.32722111112488195,0.41205813349337034,0.4084363422026163,0.4099807477292689,0.41127777950833994,0.39387119398804477,0.39397568078562645
0.6451197546051243,0.7537361643574896,0.13074057728609134,0.31062918756006114,0.6451197546051243,0.6451197546051243,0.6451197546051243,0.7537361643574896,0.7537361643574896,0.7537361643574895,0.13074057728609134,0.13074057728609134,0.13074057728609134,0.7118787287795084,0.7078111127062415,0.7096526227430248,0.6408736212649517,0.624826908844796,0.5747429987128222,0.7505017363414218,0.7355394465352133,0.6715056308022348
0.36139560550841393,0.8895144296255233,1.4412732890661155,0.903785464713159,0.36139560550841393,0.36139560550841393,0.3613956055084139,0.8895144296255233,0.8895144296255233,0.8895144296255233,1.4412732890661155,1.4412732890661155,1.4412732890661155,0.8563226316128304,0.81469049197814,0.7930601862204499,1.4245126463796316,1.377393168806511,1.2840817117551422,1.336252957028315,1.2890785089442154,1.2955917440721505
1.5380365664659692,0.8158102849654383,1.4358621511794394,1.5367491879472492,1.5380365664659692,1.5380365664659692,1.5380365664659692,0.8158102849654383,0.8158102849654383,0.8158102849654383,1.4358621511794394,1.4358621511794394,1.4358621511794394,1.4442517790146652,1.3794556364977637,1.3752742712088561,1.4921984611445898,1.4904556324595906,1.4913104523676002,1.339762658080015,1.284547154665411,1.2862813726882931
0.03582603910995154,0.0771017094141042,1.1631637521549596,0.7446092564119597,0.03582603910995154,0.03582603910995153,0.03582603910995154,0.0771017094141042,0.0771017094141042,0.0771017094141042,1.1631637521549596,1.1631637521549596,1.1631637521549596,0.07333833040192357,0.06977240353450918,0.06880455963616285,1.163130812795178,1.1620952925682095,1.036261095929618,1.1628475261320492,1.158412622519932,1.036261110432808
1.5646436558140062,0.3411519748166439,0.010233061019587049,0.8833654410253173,1.5646436558140062,1.5646436558140062,1.5646436558140062,0.3411519748166439,0.34115197481664394,0.3411519748166439,0.010233061019587049,0.01023306101958705,0.010233061019587049,1.5520914579075584,1.5091178284830948,1.393963988643382,1.564643220967498,1.5645771702415916,1.3939390273111305,0.34114304417028735,0.3408545026315174,0.3039318570920887
2.6197451040897444,0.27669079933001905,0.9815086510479509,2.0159451233200034,2.6197451040897444,2.6197451040897444,2.6197451040897444,0.27669079933001905,0.27669079933001905,0.27669079933001905,0.9815086510479509,0.9815086510479509,0.981508651047951,2.616987842152521,2.593896567413635,2.333928095033517,2.5378943804419576,2.4180935856613224,2.3350021549188655,0.9660647633274582,0.9296205662863632,0.8744979271019888
0.8219025043752238,0.8271832490360238,0.46210347426327075,0.5652682330304423,0.8219025043752238,0.8219025043752238,0.8219025043752238,0.8271832490360238,0.8271832490360238,0.8271832490360238,0.46210347426327075,0.46210347426327075,0.46210347426327075,0.8245682412158665,0.8245597866681075,0.8245640132376346,0.7676060292474207,0.7354841982950029,0.7360369908224753,0.7729826443558975,0.740347149714912,0.7406234657676234
0.08704706823817122,0.01300189187790702,0.19905969557347003,0.23028544557788844,0.08704706823817122,0.08704706823817124,0.08704706823817122,0.01300189187790702,0.013001891877907023,0.01300189187790702,0.19905969557347003,0.19905969557347003,0.19905969557347003,0.08680113958038828,0.08543115197495776,0.07755026504157454,0.19041594481782398,0.1810786351945947,0.17754810177754896,0.19900786374476503,0.19826929826807788,0.1773420299149005
0.29900735046586746,1.4535340771573169,0.6002168771587947,0.46794631438616624,0.29900735046586746,0.29900735046586746,0.29900735046586746,1.4535340771573169,1.4535340771573169,1.4535340771573169,0.6002168771587947,0.6002168771587947,0.6002168771587947,1.443570627115543,1.4066616408689103,1.2949680002813222,0.5670757953956553,0.5403284818770704,0.5360860091384912,1.397402359022398,1.329226101634062,1.2960194827949196
0.0917607765355023,0.2646568332379561,0.06980208499001891,0.29976172408452784,0.0917607765355023,0.09176077653550228,0.0917607765355023,0.2646568332379561,0.2646568332379561,0.2646568332379561,0.06980208499001891,0.06980208499001891,0.06980208499001891,0.25773895521352613,0.2461030365852047,0.23585065004799072,0.08504923139446427,0.08371179764324671,0.08419862897368842,0.2611463150976578,0.2519839424338436,0.2357956589451481
1.9875689146008928,2.720169166589619,0.3853135968617602,1.1056114271958113,1.9875689146008928,1.9875689146008928,1.9875689146008928,2.720169166589619,2.720169166589619,2.720169166589619,0.3853135968617602,0.3853135968617602,0.3853135968617602,2.5145805546523063,2.4651779968141563,2.4812906486875654,1.9759796619085197,1.9295334572573855,1.770738263670243,2.7135518382908645,2.6742420624803915,2.4233984863765192
0.21967188783751193,0.6256673477650062,0.11351734525124804,0.08262243232630237,0.21967188783751193,0.21967188783751193,0.21967188783751193,0.6256673477650062,0.6256673477650062,0.6256673477650062,0.11351734525124804,0.11351734525124806,0.11351734525124804,0.6088245965883793,0.5811121375603807,0.55758012538504,0.20679943008795112,0.19729890340508474,0.19632165521468212,0.6226266918586834,0.6093455243167539,0.5574095519079272
0.3571125715117464,0.8571575564162826,0.6621306745210467,0.44968235847199434,0.3571125715117464,0.35711257151174647,0.3571125715117464,0.8571575564162826,0.8571575564162826,0.8571575564162824,0.6621306745210467,0.6621306745210467,0.6621306745210467,0.8234350538076675,0.7831992557256428,0.7643047092534705,0.6207669792848416,0.5933984219054715,0.5922867744058657,0.7956243214980121,0.7842733395955229,0.7885589749115001
1.477894044741516,1.0708924980611123,1.586016816145352,1.3195658580124534,1.477894044741516,1.477894044741516,1.477894044741516,1.0708924980611123,1.0708924980611123,1.0708924980611123,1.586016816145352,1.586016816145352,1.586016816145352,1.365723116332796,1.3377690578817336,1.3466560183560137,1.5376598337749798,1.5357662440867148,1.5366940249744114,1.4647689119114704,1.4247092934180643,1.434462916613466
0.5182702182736474,0.4824724152431853,1.237815498826849,0.8254673563821722,0.5182702182736474,0.5182702182736474,0.5182702182736474,0.4824724152431853,0.4824724152431853,0.4824724152431853,1.237815498826849,1.237815498826849,1.237815498826849,0.5022855852472976,0.501650212043721,0.5019613445756224,1.1886118612500418,1.1304889241074643,1.1037562531505547,1.195586688665226,1.1381940891860647,1.1034118156073511
0.8084936028931876,0.2234627853258509,2.1330333746562666,1.3948502226193573,0.8084936028931876,0.8084936028931876,0.8084936028931876,0.2234627853258509,0.22346278532585087,0.2234627853258509,2.1330333746562666,2.1330333746562666,2.1330333746562666,0.796396258201895,0.7669728846197169,0.7203394256469043,2.0646305850296134,1.9666449227959841,1.9012547198888434,2.1308402701731555,2.112302849693929,1.9003171179481002
0.5017570435845365,0.714000494092092,1.9520877995225019,1.24196180020114,0.5017570435845365,0.5017570435845365,0.5017570435845365,0.714000494092092,0.714000494092092,0.714000494092092,1.9520877995225019,1.9520877995225019,1.9520877995225019,0.6593193842979543,0.6438357522003751,0.6482734917236871,1.92786991020388,1.8622062418442156,1.7391960957266206,1.8943312526130833,1.8059979751677875,1.739805846004947
0.9154021177020741,0.47323762457354485,0.15178509503558332,0.5677692039465446,0.9154021177020741,0.9154021177020741,0.9154021177020741,0.47323762457354485,0.47323762457354485,0.4732376245735448,0.15178509503558332,0.15178509503558332,0.15178509503558332,0.8617261096310525,0.822151291733881,0.8181049075580249,0.9119367296317075,0.8949691791706791,0.8155333980490356,0.4629700429200639,0.4432535104503862,0.4216832573877119
0.32875110965968446,0.07282891265687277,0.5883172064845765,0.6461512419937191,0.32875110965968446,0.32875110965968446,0.32875110965968446,0.07282891265687277,0.07282891265687277,0.07282891265687277,0.5883172064845765,0.5883172064845765,0.5883172064845765,0.32599864608772705,0.31677890832215844,0.2928897117406367,0.549754616395121,0.5265524661774966,0.5267575586440446,0.5873411554189355,0.5805368675024568,0.5241313594874063
0.5297602037670388,0.846793718068405,0.28099186773503265,0.5004184195696408,0.5297602037670388,0.5297602037670388,0.5297602037670388,0.846793718068405,0.846793718068405,0.8467937180684051,0.28099186773503265,0.28099186773503265,0.28099186773503265,0.7844357038918026,0.7576149475530324,0.7617639037251344,0.49745793095704405,0.4751391419233947,0.47369828404090775,0.8268490240097134,0.7906721171003154,0.7545752062924624
0.5132674331133561,1.5148472246858646,0.6226995198205938,0.5102931109007346,0.5132674331133561,0.5132674331133561,0.5132674331133561,1.5148472246858646,1.5148472246858646,1.5148472246858646,0.6226995198205938,0.6226995198205938,0.6226995198205938,1.477346698378259,1.4117047538328773,1.3499155623212105,0.5834157713196841,0.5784285596955889,0.5805656264362319,1.456904131925948,1.3858883090454004,1.3506584613530401
0.09707754934804039,0.4465149520670211,0.20812225035727522,0.06275843271782201,0.09707754934804039,0.0970775493480404,0.09707754934804039,0.4465149520670211,0.4465149520670211,0.4465149520670211,0.20812225035727522,0.20812225035727522,0.2081222503572752,0.44296046040697856,0.4307432986521902,0.3978065999217718,0.19789120014903083,0.1882793933853021,0.18573275999334643,0.4245944887923136,0.40396713799432116,0.3984765540782594
0.9686449905328892,0.8563987943234723,0.4930009346588328,0.7800148797465116,0.9686449905328892,0.9686449905328892,0.9686449905328893,0.8563987943234723,0.8563987943234723,0.8563987943234723,0.4930009346588328,0.4930009346588328,0.4930009346588328,0.9227738755393478,0.9193993875377874,0.920985249348687,0.9132403545548272,0.8707841627697409,0.8654466661700451,0.7981792549949239,0.7659465240615039,0.7675238244904395
0.7020530938773524,0.21409374413020396,0.5893647569442115,0.5136856047087177,0.7020530938773524,0.7020530938773524,0.7020530938773524,0.21409374413020396,0.214093744130204,0.21409374413020396,0.5893647569442115,0.5893647569442115,0.5893647569442115,0.6885963296793071,0.6605354413428761,0.6255420132983665,0.6601658020642324,0.6554677356683223,0.6575387154401755,0.5721987291265412,0.5456171923451286,0.525265199436777
0.3276621465977682,1.245738778711988,0.8496020970210246,0.7717779983948317,0.3276621465977682,0.32766214659776816,0.3276621465977682,1.245738778711988,1.245738778711988,1.245738778711988,0.8496020970210246,0.8496020970210246,0.8496020970210246,1.229331180234593,1.1863334343555358,1.109888321755455,0.8212863184560469,0.7820216569232579,0.7573239551025005,1.150338144297545,1.1199780101443972,1.1277052555665035
0.39210815313215763,0.173180925851182,0.35701548596504734,0.49250583162073114,0.39210815313215763,0.39210815313215763,0.39210815313215763,0.173180925851182,0.173180925851182,0.173180925851182,0.35701548596504734,0.35701548596504734,0.35701548596504734,0.3747425304585444,0.35637304122770685,0.34975948390647865,0.37701335587189655,0.3762021345606644,0.37659347313436786,0.3381821920296741,0.321998404448199,0.31875154420803975
1.4635149481321186,0.3853173797288368,0.6929095952606542,1.031294706485916,1.4635149481321186,1.4635149481321186,1.4635149481321186,0.3853173797288368,0.3853173797288368,0.3853173797288368,0.6929095952606542,0.6929095952606542,0.6929095952606542,1.4441904505922434,1.3936218090293453,1.3039159586082614,1.389577563995284,1.3224066568859787,1.3062798403957452,0.6477771545236594,0.6202583830697574,0.6203177759575855
0.29612027706457605,0.883857436201133,0.8995998754332507,0.4265466233398256,0.29612027706457605,0.29612027706457605,0.29612027706457605,0.883857436201133,0.883857436201133,0.883857436201133,0.8995998754332507,0.8995998754332507,0.8995998754332507,0.8625560222252705,0.8245438679240166,0.787612946331986,0.8788173131677776,0.8406039053601274,0.8016222037321054,0.891937048453549,0.8918676022801862,0.8919022814247924
0.26105527217988933,0.1537251059455279,0.30729952087660933,0.41956463394479065,0.26105527217988933,0.26105527217988933,0.26105527217988933,0.1537251059455279,0.1537251059455279,0.1537251059455279,0.30729952087660933,0.3072995208766093,0.30729952087660933,0.24285560883628793,0.23342040556124535,0.23416258254431366,0.28972369962140393,0.287915318689585,0.2887259416218563,0.29021337605453423,0.2765605379708775,0.27448317457359817
0.00511345664246089,0.058208718445999896,0.8128621188389601,0.3975338032154487,0.00511345664246089,0.005113456642460888,0.00511345664246089,0.058208718445999896,0.05820871844599988,0.058208718445999896,0.8128621188389601,0.8128621188389601,0.8128621188389601,0.05817274839372044,0.057802115775500415,0.05185807662027079,0.8128619177588019,0.8128301553302054,0.7241778196984772,0.8125851049502028,0.8090120499832905,0.7241778359734646
0.23458713337514692,1.142970297830623,0.6296288419236122,0.5558896188467257,0.23458713337514692,0.23458713337514692,0.23458713337514692,1.142970297830623,1.142970297830623,1.142970297830623,0.6296288419236122,0.6296288419236122,0.6296288419236122,1.1351838728925694,1.106251554695356,1.0182834588959782,0.6102020302034105,0.5814752613748463,0.5611853300031315,1.0694474083758005,1.0234591381370985,1.022959007421578
